,GDP,Loans,Imports,GNP,Workeroutput,GovernmentExpenditure,PersonalDisposableIncome,RentalVacancyRate,CPI,BondYield,EmploymentRate,UnemploymentRate,Deficit,MedianEarnings,TEDSpread,ManufacturingOutput
25%,1.225,2.6,-0.6499999999999999,4.025,0.2,-0.4,2.2,6.0,0.411873720255376,3.9983333333333353,70.52260956914864,4.875194740494756,35.690295000000006,315.75,0.26696135831381734,-0.1
50%,3.1,7.8,5.55,5.9,1.85,1.9,3.4,7.4,0.8081898897883115,5.77,76.1635202787706,5.68201237320633,56.03613,330.5,0.47451612903225804,2.2
75%,5.1,12.1,13.375,8.5,3.9,4.5,4.5,8.25,1.21399531210318,7.691666666666665,79.3014538392078,7.112321762491581,64.325685,337.0,0.6953867001586462,4.45
Range,26.7,65.5,169.89999999999998,36.3,29.599999999999998,77.9,12.2,6.1,6.77936349417094,13.28333333333337,17.6415192040365,8.18098516196117,74.85964,53.0,2.299672131147541,31.3
Median,3.1,7.8,5.55,5.9,1.85,1.9,3.4,7.4,0.8081898897883115,5.77,76.1635202787706,5.68201237320633,56.03613,330.5,0.47451612903225804,2.2
Valid N,290.0,291.0,290.0,290.0,290.0,290.0,287.0,255.0,238.0,239.0,239.0,239.0,215.0,164.0,136.0,130.0
Missing N,1.0,0.0,1.0,1.0,1.0,1.0,4.0,36.0,53.0,52.0,52.0,52.0,76.0,127.0,155.0,161.0
